{"companyName":"Ideasender","productName":"Pimpo The Wise Cat","version":"1.0","unityVersion":"2018.3.0f2","webglSettings":{"memorySize":"256","exceptionSupport":"ExplicitlyThrownExceptionsOnly","dataCaching":"False","emscriptenArgs":"","modulesDirectory":"","template":"PROJECT:lol-template","analyzeBuildSize":"False","useEmbeddedResources":"False","threadsSupport":"False","linkerTarget":"Wasm","compressionFormat":"Gzip","nameFilesAsHashes":"False","debugSymbols":"False"},"dir":["Assets/Game","Assets/Game/Animation","Assets/Game/Animation/ChooseLook","Assets/Game/Animation/Cook","Assets/Game/Animation/Kitchen","Assets/Game/Animation/MainMenu","Assets/Game/Animation/Master","Assets/Game/Fonts","Assets/Game/Plugins","Assets/Game/Plugins/Demigiant","Assets/Game/Plugins/Demigiant/DOTween","Assets/Game/Plugins/Demigiant/DOTween/Editor","Assets/Game/Plugins/Demigiant/DOTween/Editor/Imgs","Assets/Game/Plugins/Demigiant/DOTween/Examples","Assets/Game/Scenes","Assets/Game/Scripts","Assets/Game/Scripts/ChooseLook","Assets/Game/Scripts/ChooseName","Assets/Game/Scripts/Cinematic","Assets/Game/Scripts/Conversations","Assets/Game/Scripts/DragIngredient","Assets/Game/Scripts/FractionProbabilitiesNode","Assets/Game/Scripts/GameChanceSelecting","Assets/Game/Scripts/Guessing","Assets/Game/Scripts/LolTools","Assets/Game/Scripts/SceneManager","Assets/Game/Scripts/Tools","Assets/Game/Textures","Assets/Game/Textures/Chef Master","Assets/Game/Textures/ChooseBody","Assets/Game/Textures/Foods","Assets/Game/Textures/Ghosts","Assets/Game/Textures/Ghosts/Ghost 1","Assets/Game/Textures/Ghosts/Ghost 2","Assets/Game/Textures/Ghosts/Ghost 3","Assets/Game/Textures/Ghosts/Ghost 4","Assets/Game/Textures/Items","Assets/Game/Textures/Menu","Assets/Game/Textures/Placeholder","Assets/Game/Textures/UI","Assets/Scenes","Assets/Scripts","Assets/Scripts/Buttons","Assets/Scripts/SceneManagers","Assets/StreamingAssets","Assets/StreamingAssets/Music","Assets/TextMesh Pro","Assets/TextMesh Pro/Documentation","Assets/TextMesh Pro/Resources","Assets/TextMesh Pro/Resources/Fonts & Materials","Assets/TextMesh Pro/Resources/Shaders","Assets/TextMesh Pro/Resources/Sprite Assets","Assets/TextMesh Pro/Resources/Style Sheets","Assets/TextMesh Pro/Sprites","Assets/WebGLTemplates","Assets/WebGLTemplates/lol-template","Assets/lol-sdk","Assets/lol-sdk/Editor","Assets/lol-sdk/Plugins","Assets/lol-sdk/StreamingAssets","Assets/lol-sdk/Utilities","Library/PackageCache/com.unity.analytics@3.2.2","Library/PackageCache/com.unity.package-manager-ui@2.0.3","Library/PackageCache/com.unity.textmeshpro@1.3.0"]}