{
  "questions": [
    {
      "questionId": "q1",
      "stem": "What is the meaning of life?",
      "imageURL": "http://conversationagent.typepad.com/.a/6a00d8341c03bb53ef01bb0855b040970d-pi",
      "alternatives": [
        {
          "alternativeId": "a1",
          "text": "Dunno"
        },
        {
          "alternativeId": "a2",
          "text": "42"
        },
        {
          "alternativeId": "a3",
          "text": "Life?"
        },
        {
          "alternativeId": "a4",
          "text": "Sprinkles"
        }
      ],
      "correctAlternativeId": "a2"
    },
    {
      "questionId": "q2",
      "stem": "A stitch in time saves nine what?",
      "alternatives": [
        {
          "alternativeId": "a5",
          "text": "Cats"
        },
        {
          "alternativeId": "a6",
          "text": "Pineapples"
        },
        {
          "alternativeId": "a7",
          "text": "Clouds"
        },
        {
          "alternativeId": "a8",
          "text": "Sprinkles"
        }
      ],
      "correctAlternativeId": "a8"
    },
    {
      "questionId": "q3",
      "stem": "After eating, do amphibians have to wait one hour before getting out of the water?", 
      "alternatives": [
        {
          "alternativeId": "a9",
          "text": "Yes"
        },
        {
          "alternativeId": "a10",
          "text": "NO"
        },
        {
          "alternativeId": "a11",
          "text": "Sprinkles"
        },
        {
          "alternativeId": "a12",
          "text": "Maybe?"
        }
      ],
      "correctAlternativeId": "a9"
    },
    {
      "questionId": "q4",
      "stem": "After they make Styrofoam, what do they ship it in?",
      "alternatives": [
        {
          "alternativeId": "a13",
          "text": "Styrofoam"
        },
        {
          "alternativeId": "a14",
          "text": "Sprinkles"
        },
        {
          "alternativeId": "a15",
          "text": "Bubble Wrap"
        },
        {
          "alternativeId": "a16",
          "text": "Space Ships"
        }
      ],
      "correctAlternativeId": "a15"
    }
  ]
}
